"Id","Time","Text","Favourites","Retweets","Total Mentions","URL"
"1015654077764497408","Sat Jul 07 17:49:36 +0000 2018","@blowdart @DamianEdwards ROT26 #SecureAF #FFSTechConf","0","0","0","https://twitter.com/i/web/status/1015654077764497408"
"1016775361546375169","Tue Jul 10 20:05:11 +0000 2018","@johnsnolan @carlosroman @natpryce @FFSTechConf FFS devs are cosseted fragile egos who expect to be handed large br‚Ä¶ https://t.co/1dTbFMcDpW","2","1","3","https://twitter.com/i/web/status/1016775361546375169"
"1016413982297612290","Mon Jul 09 20:09:12 +0000 2018","@idomdavis Right?! FFS, don‚Äôt sit next to me and send me Trello and Basecamp todos. Talk. Like a person. Synchronou‚Ä¶ https://t.co/fr4BvhPBT0","4","3","7","https://twitter.com/i/web/status/1016413982297612290"
"1016034768285323267","Sun Jul 08 19:02:20 +0000 2018","@FFSTechConf #FFSTechConf FP is about more than maths and science and ""hard problems""","1","1","2","https://twitter.com/i/web/status/1016034768285323267"
"1015704849932054532","Sat Jul 07 21:11:21 +0000 2018","@GarthGilmour FFS Not everyone is mentally suited for pairing! #FFSTechConf","2","2","4","https://twitter.com/i/web/status/1015704849932054532"
"1015675258509168645","Sat Jul 07 19:13:46 +0000 2018","@FFSTechConf Talking to people. Sending an email doesn't absolve you of responsibility #FFSTechConf","4","2","6","https://twitter.com/i/web/status/1015675258509168645"
"1017073095943782400","Wed Jul 11 15:48:17 +0000 2018","1) FFS, allowing white supremacist incitement on your social network is NOT FREE SPEECH!!
2) FFS, YOUR MACHINE LEAR‚Ä¶ https://t.co/s5KUsI8exL","1","2","3","https://twitter.com/i/web/status/1017073095943782400"
"1016410998012596225","Mon Jul 09 19:57:20 +0000 2018","@pollingj @codepenhull Tell me about it! #FFSTechConf","0","0","0","https://twitter.com/i/web/status/1016410998012596225"
"1015580800849412104","Sat Jul 07 12:58:26 +0000 2018","@jimwebber @COGSfun Please re-submit with a full statement and appropriate #FFSTechConf tagging","2","1","3","https://twitter.com/i/web/status/1015580800849412104"
"1016076231077519370","Sun Jul 08 21:47:05 +0000 2018","@FFSTechConf I will definitively submit some talks FFS. Probably dealing with agile, scrum, microservices, story po‚Ä¶ https://t.co/gGVf5RfpFH","1","0","1","https://twitter.com/i/web/status/1016076231077519370"
"1016766967611625474","Tue Jul 10 19:31:50 +0000 2018","@ealexhudson @natpryce @FFSTechConf oooh. I so want to get into this!
But then I want us to argue this at‚Ä¶ https://t.co/uXds22PKVu","1","0","1","https://twitter.com/i/web/status/1016766967611625474"
"1015945235002806272","Sun Jul 08 13:06:34 +0000 2018","Pair, FFS #FFSTechConf","2","0","2","https://twitter.com/i/web/status/1015945235002806272"
"1016255262347456513","Mon Jul 09 09:38:30 +0000 2018","Complaining about the tiny cost of a new product when you're still running products/hardware that you should have p‚Ä¶ https://t.co/wasrtiEiYE","0","1","1","https://twitter.com/i/web/status/1016255262347456513"
"1016406777351606275","Mon Jul 09 19:40:34 +0000 2018","I‚Äôve found the third rail of tech Twitter
#FFSTechConf","2","0","2","https://twitter.com/i/web/status/1016406777351606275"
"1015728523984670720","Sat Jul 07 22:45:26 +0000 2018","@FFSTechConf @GarthGilmour @OpinionatedGeek Not even bile - sometimes we all need someone to call us on our nonsens‚Ä¶ https://t.co/glQMqFISK3","2","0","2","https://twitter.com/i/web/status/1015728523984670720"
"1016368298718572544","Mon Jul 09 17:07:40 +0000 2018","@FFSTechConf @creyke @FFSTechConf I really want to give this talk-rant now. Do you need anything more for this to c‚Ä¶ https://t.co/VwBxJpFuh7","0","0","0","https://twitter.com/i/web/status/1016368298718572544"
"1016074892591149061","Sun Jul 08 21:41:46 +0000 2018","@FFSTechConf #FFSTechConf security security security.
Stop expecting that your cloud tech comes with security added‚Ä¶ https://t.co/aRd1HtF8tD","9","1","10","https://twitter.com/i/web/status/1016074892591149061"
"1017001957976936453","Wed Jul 11 11:05:36 +0000 2018","I may just automate a feed from @CodeWisdom and wrap them in FFS/#FFSTechConf as a way to submit a whole load of sessions #lazy","0","0","0","https://twitter.com/i/web/status/1017001957976936453"
"1015912677154095105","Sun Jul 08 10:57:11 +0000 2018","#FFSTechConf can we stop rewriting our #emberjs , #Angular code and actually do some client feature code yet?  it‚Äôs‚Ä¶ https://t.co/xjbKluODgL","2","3","5","https://twitter.com/i/web/status/1015912677154095105"
"1016116100801671168","Mon Jul 09 00:25:31 +0000 2018","@FFSTechConf @zippy1981 FFS...Pair Programming is not the great solution you think it is. Without proper senior/mid‚Ä¶ https://t.co/oJDpVlK4Js","5","1","6","https://twitter.com/i/web/status/1016116100801671168"
"1016402273822527488","Mon Jul 09 19:22:40 +0000 2018","#FFSTechConf stop pretending you know what #devops is.","4","0","4","https://twitter.com/i/web/status/1016402273822527488"
"1016413622095024135","Mon Jul 09 20:07:46 +0000 2018","@jameshd FFS, it doesn‚Äôt make it design thinking either. #FFSTechConf","1","0","1","https://twitter.com/i/web/status/1016413622095024135"
"1015983663195066369","Sun Jul 08 15:39:16 +0000 2018","@FFSTechConf #FFSTechConf","0","0","0","https://twitter.com/i/web/status/1015983663195066369"
"1015982321323954176","Sun Jul 08 15:33:56 +0000 2018","#FFSTechConf : FFS stop taking photos of my slides - I am right here! sheesh.","1","1","2","https://twitter.com/i/web/status/1015982321323954176"
"1015999662140997632","Sun Jul 08 16:42:50 +0000 2018","@FFSTechConf @confusedcharlot FFS why does every product need to connect to the cloud? Did you realize you were poo‚Ä¶ https://t.co/Uhw9hTFGDb","4","1","5","https://twitter.com/i/web/status/1015999662140997632"
"1016078788495433728","Sun Jul 08 21:57:15 +0000 2018","@FFSTechConf I‚Äôve never spoken at a conference before but #FFSTechConf may be my start. 

Rant proposal:
FFS time z‚Ä¶ https://t.co/1KwlJzMG9p","1","0","1","https://twitter.com/i/web/status/1016078788495433728"
"1016624668583845888","Tue Jul 10 10:06:23 +0000 2018","@FFSTechConf @katelaity FFS SharePoint. I don't need 15 minutes for that. It's just shite. #FFSTechConf","0","0","0","https://twitter.com/i/web/status/1016624668583845888"
"1015906396423032832","Sun Jul 08 10:32:14 +0000 2018","@michaelthaber @matthewpskelton #FFSTechConf Related: FFS, just outline the proposal in pseudo code or simple code‚Ä¶ https://t.co/2Ikv38yTqW","2","3","5","https://twitter.com/i/web/status/1015906396423032832"
"1016094768424615936","Sun Jul 08 23:00:45 +0000 2018","@FFSTechConf @SoniaCuff FFS PWNED AWS S3 WTF?! #FFSTechConf","1","0","1","https://twitter.com/i/web/status/1016094768424615936"
"1016083242338824192","Sun Jul 08 22:14:57 +0000 2018","@D_Keating Complimenting FFS that's not what that word means #FFSTechConf","0","0","0","https://twitter.com/i/web/status/1016083242338824192"
"1015626996481691648","Sat Jul 07 16:02:00 +0000 2018","Meta: FFS conference organizers, if you want more diverse speakers, pay them for their work!
#FFSTechConf https://t.co/9Uggv3sJIU","0","0","0","https://twitter.com/i/web/status/1015626996481691648"
"1015982445382991872","Sun Jul 08 15:34:25 +0000 2018","#FFSTechConf : FFS when will they add block chain to cereal bars","3","2","5","https://twitter.com/i/web/status/1015982445382991872"
"1016148491662315520","Mon Jul 09 02:34:14 +0000 2018","@FFSTechConf @rmoff FFS the database is a stable foundational component, stop trying to implement business logic th‚Ä¶ https://t.co/KSMgzTtLz0","2","1","3","https://twitter.com/i/web/status/1016148491662315520"
"1015890757683695616","Sun Jul 08 09:30:05 +0000 2018","lol, forgot to tag it - ‚òùÔ∏è #FFSTechConf ‚òùÔ∏è","1","0","1","https://twitter.com/i/web/status/1015890757683695616"
"1015994412625588224","Sun Jul 08 16:21:58 +0000 2018","FFs you can be a white man in tech and not be a misogynistic, homo/trans/queer-phobic, entitles, elitist asshole. G‚Ä¶ https://t.co/cUhpXHMvf6","9","2","11","https://twitter.com/i/web/status/1015994412625588224"
"1016075443382964224","Sun Jul 08 21:43:58 +0000 2018","#FFSTechConf If a service. Uses LocalSystem. And interacts. With the desktop. It. Is. Not. Security. Conscious. https://t.co/b66WSAztJS","2","1","3","https://twitter.com/i/web/status/1016075443382964224"
"1016347624239230976","Mon Jul 09 15:45:31 +0000 2018","@FFSTechConf @JanMulkens FFS Stop ‚Äòcollaborating‚Äô and start working together.. #FFSTechConf","0","0","0","https://twitter.com/i/web/status/1016347624239230976"
"1015862555443679232","Sun Jul 08 07:38:01 +0000 2018","@natpryce #FFSTechConf seems to be a spontaneous event found in pubs all over London.","0","0","0","https://twitter.com/i/web/status/1015862555443679232"
"1015881577388101633","Sun Jul 08 08:53:36 +0000 2018","Number 1 &amp; 8 should be in pies votes, that‚Äôs umpires 1 &amp; 8 #AFLDonsPies #FFSTechConf https://t.co/bnHbbPqUvK","0","0","0","https://twitter.com/i/web/status/1015881577388101633"
"1015705465488134146","Sat Jul 07 21:13:48 +0000 2018","@shinyemptyhead FFS Teach students to Pair Program, Refactor, talk to Clients and work as a Team. #FFSTechConf","1","1","2","https://twitter.com/i/web/status/1015705465488134146"
"1015869403722895360","Sun Jul 08 08:05:14 +0000 2018","I think this is a submission #FFSTechConf https://t.co/RlMkQOtEiO","2","0","2","https://twitter.com/i/web/status/1015869403722895360"
"1016360907876814848","Mon Jul 09 16:38:18 +0000 2018","Cheers!
#FF #FFSTechConf https://t.co/CEn53qmsI1","0","0","0","https://twitter.com/i/web/status/1016360907876814848"
"1016278985104338944","Mon Jul 09 11:12:46 +0000 2018","@kinjacono @quii Can someone please review my PR on that last tweet to fix my spelling mistake?

#ffstechconf","1","0","1","https://twitter.com/i/web/status/1016278985104338944"
"1015579850810232832","Sat Jul 07 12:54:39 +0000 2018","#FFSTechConf because {name} we‚Äôve noticed your profile and you are a great fit for the javascript framework du jour","3","0","3","https://twitter.com/i/web/status/1015579850810232832"
"1015560484999892992","Sat Jul 07 11:37:42 +0000 2018","@clarkema Sounds like you should make a submission to #FFSTechConf","0","0","0","https://twitter.com/i/web/status/1015560484999892992"
"1016382775539240960","Mon Jul 09 18:05:11 +0000 2018","@FFSTechConf @timburks FFS why are we still calling it ‚ÄúAgile?‚Äù #FFSTechConf","2","1","3","https://twitter.com/i/web/status/1016382775539240960"
"1016334959303446528","Mon Jul 09 14:55:11 +0000 2018","@FFSTechConf @JanMulkens FFS, stop solutionising, you‚Äôre a Project Manager, not a technical authority! #FFSTechConf","1","2","3","https://twitter.com/i/web/status/1016334959303446528"
"1016394841729765376","Mon Jul 09 18:53:08 +0000 2018","üò±üò±üò±

Also: FFS Google can you please leave the stuff we love alone! #FFSTechConf https://t.co/euthTkBRnZ","0","0","0","https://twitter.com/i/web/status/1016394841729765376"
"1015971519019790336","Sun Jul 08 14:51:00 +0000 2018","@davefarley77 @FFSTechConf FFS do ""eXtreme Programming"" by the book for 3 months - THEN come and talk to me #FFSTechConf","4","1","5","https://twitter.com/i/web/status/1015971519019790336"
"1016253332237832192","Mon Jul 09 09:30:50 +0000 2018","@kinjacono @FFSTechConf FFS don't develop in trunk !
#FFSTechConf","2","2","4","https://twitter.com/i/web/status/1016253332237832192"
"1016781538074210305","Tue Jul 10 20:29:44 +0000 2018","@GarthGilmour @tastapod @FFSTechConf @Fallenstedt FFS wouldn't it be great if we were nice to people for a change?‚Ä¶ https://t.co/HIWfDQz4N9","7","2","9","https://twitter.com/i/web/status/1016781538074210305"
"1015608433234661376","Sat Jul 07 14:48:14 +0000 2018","@FFSTechConf @chrisoldwood FFS TALK to each other! #FFSTechConf","16","1","17","https://twitter.com/i/web/status/1015608433234661376"
"1016761865505042432","Tue Jul 10 19:11:33 +0000 2018","@EBrown8534 AAAHHHH!

FFS 

I will not bias the process, but...

FFS

Please do a FFS/#FFSTechConf on that ! And get your cohorts to push it","0","0","0","https://twitter.com/i/web/status/1016761865505042432"
"1015663200359014400","Sat Jul 07 18:25:51 +0000 2018","@FFSTechConf #FFSTechConf Please stop teaching Blocking IO as the default paradigm. Assumptions of synchronous beha‚Ä¶ https://t.co/qutGwkGF6P","1","1","2","https://twitter.com/i/web/status/1015663200359014400"
"1015715104028086273","Sat Jul 07 21:52:06 +0000 2018","Thats about 15 suggestions to @FFSTechConf - probably best to leave some room for those whose hearts are not filled‚Ä¶ https://t.co/hcm4jGv1Ti","3","0","3","https://twitter.com/i/web/status/1015715104028086273"
"1016100081945067521","Sun Jul 08 23:21:52 +0000 2018","Stop blaming the [Insert Tool Name] tool for your issues. It‚Äôs amplifying the normal outcomes  of the underlying bu‚Ä¶ https://t.co/ZCbBGhb9SM","5","2","7","https://twitter.com/i/web/status/1016100081945067521"
"1016042204425572353","Sun Jul 08 19:31:53 +0000 2018","#FFSTechConf all users are stupid","1","0","1","https://twitter.com/i/web/status/1016042204425572353"
"1016759932459331584","Tue Jul 10 19:03:53 +0000 2018","@johnsnolan FFS we should also be teaching students problem solving, not just ""this is how you add two numbers"" and‚Ä¶ https://t.co/u7wDjiK6fZ","6","1","7","https://twitter.com/i/web/status/1016759932459331584"
"1015589280494882817","Sat Jul 07 13:32:07 +0000 2018","Adding the all-important #FFSTechConf here because I so want this to happen. https://t.co/QacbmCbysv","2","0","2","https://twitter.com/i/web/status/1015589280494882817"
"1015814535209504768","Sun Jul 08 04:27:12 +0000 2018","@FFSTechConf #FFSTechConf Write better app update notes so your customers know what‚Äôs going on. LOOKING AT YOU APP‚Ä¶ https://t.co/dIN4PWUEdS","6","2","8","https://twitter.com/i/web/status/1015814535209504768"
"1016788573427830786","Tue Jul 10 20:57:41 +0000 2018","@girlgerms Agreed. Data Owners are responsible for Confidentiality, but Data System Owners (sysadmins) are responsi‚Ä¶ https://t.co/Q2iUbMGXxr","1","0","1","https://twitter.com/i/web/status/1016788573427830786"
"1015590118697193473","Sat Jul 07 13:35:27 +0000 2018","@AdamMaras @FFSTechConf FFS estimating how long it will take / how it will perform / how secure it will be is engin‚Ä¶ https://t.co/nma9JPAeee","1","1","2","https://twitter.com/i/web/status/1015590118697193473"
"1015857778877820928","Sun Jul 08 07:19:02 +0000 2018","@FFSTechConf @adrianco FFS why couldn‚Äôt we have just fixed operating systems to make them distributed instead of in‚Ä¶ https://t.co/1hYn1p2rNm","9","3","12","https://twitter.com/i/web/status/1015857778877820928"
"1016403801484320768","Mon Jul 09 19:28:44 +0000 2018","#FFSTechConf have you even created decent telemetry? And looked at it?","0","0","0","https://twitter.com/i/web/status/1016403801484320768"
"1016598804651544578","Tue Jul 10 08:23:37 +0000 2018","@JiriJerabek Did you see my suggested rant for #FFSTechConf ???","0","0","0","https://twitter.com/i/web/status/1016598804651544578"
"1015983809932734464","Sun Jul 08 15:39:51 +0000 2018","@FFSTechConf #FFSTechConf","0","0","0","https://twitter.com/i/web/status/1015983809932734464"
"1016322196837289984","Mon Jul 09 14:04:28 +0000 2018","@FFSTechConf @jennilloyd Well, #FFSTechConf may be influencing the three sessions I'm preparing for IRL conferences‚Ä¶ https://t.co/3sZsgOvNYY","1","0","1","https://twitter.com/i/web/status/1016322196837289984"
"1015659928638324738","Sat Jul 07 18:12:51 +0000 2018","#FFSTechConf It's not DR if you ha e never actually recovered with it. Just more disaster.","10","1","11","https://twitter.com/i/web/status/1015659928638324738"
"1015562843830276096","Sat Jul 07 11:47:04 +0000 2018","@tdenkinger Can we vote on these? This is a talk I'd very much like to see. #FFSTechConf","2","0","2","https://twitter.com/i/web/status/1015562843830276096"
"1016334525507473408","Mon Jul 09 14:53:28 +0000 2018","@FFSTechConf @JanMulkens FFS, listen to your DBA ! #FFSTechConf","2","1","3","https://twitter.com/i/web/status/1016334525507473408"
"1016139354706571264","Mon Jul 09 01:57:55 +0000 2018","Why do you think a noSQL database is the answer for everything? #FFSTechConf","3","1","4","https://twitter.com/i/web/status/1016139354706571264"
"1016705558185902080","Tue Jul 10 15:27:49 +0000 2018","@FFSTechConf Unfortunately the app I need to run requires my grandparent's Java to work (my great-grandparent's Jav‚Ä¶ https://t.co/qNjus6ZTY0","1","0","1","https://twitter.com/i/web/status/1016705558185902080"
"1016272116747001856","Mon Jul 09 10:45:28 +0000 2018","Oh for FFS, STFU about cloud scale unless you acknowledge that you not only scale your compute power and storage bu‚Ä¶ https://t.co/cMhzSXRYQ9","1","2","3","https://twitter.com/i/web/status/1016272116747001856"
"1015552397228281857","Sat Jul 07 11:05:34 +0000 2018","@tomwhoscontrary @johnsnolan @pauldyson Thank you for your submission, but please include #FFSTechConf when making‚Ä¶ https://t.co/GQujAxuV49","1","0","1","https://twitter.com/i/web/status/1015552397228281857"
"1016534808707518464","Tue Jul 10 04:09:19 +0000 2018","@FFSTechConf #FFSTechConf ""FFS, court rulings are selected for some combination of hard law, hard facts, wealth, an‚Ä¶ https://t.co/t9Z0OjQjxq","0","1","1","https://twitter.com/i/web/status/1016534808707518464"
"1017391251644174339","Thu Jul 12 12:52:31 +0000 2018","@kevinrutherford Stop running your own tweet-based #FFSTechConf on Twitter then :)","1","0","1","https://twitter.com/i/web/status/1017391251644174339"
"1015946734009245696","Sun Jul 08 13:12:31 +0000 2018","@FFSTechConf @KentBeck FFS why are we building technology to help govts track, categorize, deprive of rights, and kill people? #FFSTechConf","14","2","16","https://twitter.com/i/web/status/1015946734009245696"
"1016286966760071168","Mon Jul 09 11:44:29 +0000 2018","@giveupalready Please find a Physicist and get them to submit a FFS/#FFSTechConf

How about @ProfBrianCox ?","1","0","1","https://twitter.com/i/web/status/1016286966760071168"
"1016713093311705088","Tue Jul 10 15:57:45 +0000 2018","For anyone who saw and ""liked"" my #FFSTechConf rant submissions and thinks that they would make for a good conferen‚Ä¶ https://t.co/FXwfq1zMtI","2","1","3","https://twitter.com/i/web/status/1016713093311705088"
"1016256179104862208","Mon Jul 09 09:42:08 +0000 2018","Am loving the way that #FFSTechConf is now filling my timeline with catharting Devs. #YesItsAWordNow","1","1","2","https://twitter.com/i/web/status/1016256179104862208"
"1016332587864854528","Mon Jul 09 14:45:46 +0000 2018","@phil_lunt Are you practising for #FFSTechConf ?","0","0","0","https://twitter.com/i/web/status/1016332587864854528"
"1016208038569611264","Mon Jul 09 06:30:51 +0000 2018","@FFSTechConf #FFSTechConf @Microsoft in 2018 is not the same as in 2004, and your outdated bias is preventing you f‚Ä¶ https://t.co/w4GNyqBLUL","4","1","5","https://twitter.com/i/web/status/1016208038569611264"
"1016774646300061698","Tue Jul 10 20:02:21 +0000 2018","@carlosroman @natpryce @ealexhudson @FFSTechConf Someone please #FFSTechConf a session on review processes !!!","0","0","0","https://twitter.com/i/web/status/1016774646300061698"
"1016273502888976384","Mon Jul 09 10:50:59 +0000 2018","Oh for FFS, stop blaming the intern for your social media mea culpas #FFSTechConf https://t.co/yuS8H4uixI","2","1","3","https://twitter.com/i/web/status/1016273502888976384"
"1016294586594054145","Mon Jul 09 12:14:45 +0000 2018","#FFSTechConf is the hashtag we deserve, and absolutely the one we need right now. https://t.co/id8VJyeqhn","1","0","1","https://twitter.com/i/web/status/1016294586594054145"
"1016755279688622081","Tue Jul 10 18:45:23 +0000 2018","It's amazing how fast syntax falls from my brain, but the ideas remain.

FFS why are we teaching students syntax an‚Ä¶ https://t.co/w7VRRvwPGC","8","2","10","https://twitter.com/i/web/status/1016755279688622081"
"1016076761384280064","Sun Jul 08 21:49:12 +0000 2018","@jdanton #FFSTechConf that's a great one by @jdanton. #Bigdata isn't the answer to everything.
Neither is‚Ä¶ https://t.co/qXqWbcJOXm","1","0","1","https://twitter.com/i/web/status/1016076761384280064"
"1015582692858097664","Sat Jul 07 13:05:57 +0000 2018","@AdamMaras FFS stop running JavaScript everywhere ;) #FFSTechConf","2","0","2","https://twitter.com/i/web/status/1015582692858097664"
"1016948525580673024","Wed Jul 11 07:33:17 +0000 2018","@rptrpn @AnthroPunk So, what is it about #FFSTechConf that has caught your attention?","0","0","0","https://twitter.com/i/web/status/1016948525580673024"
"1015651682061987840","Sat Jul 07 17:40:05 +0000 2018","#FFSTechConf Type Erasure","0","0","0","https://twitter.com/i/web/status/1015651682061987840"
"1016036008431947777","Sun Jul 08 19:07:16 +0000 2018","#ffstechconf ffs you are not a snowflake. ‚ùÑÔ∏è","1","2","3","https://twitter.com/i/web/status/1016036008431947777"
"1016579552187961349","Tue Jul 10 07:07:07 +0000 2018","@vlad_mihalcea @kedarjoshi @Hibernate FFS, do a total cost of ownership calculation and a proper business case and‚Ä¶ https://t.co/MDUCwkNIRW","2","2","4","https://twitter.com/i/web/status/1016579552187961349"
"1015673489204961280","Sat Jul 07 19:06:44 +0000 2018","I could reuse my #ACCUConf talk: Passwords. Are. Not. Hard! It would work even better prefixed with FFS :)‚Ä¶ https://t.co/vPUTZLMRUG","4","1","5","https://twitter.com/i/web/status/1015673489204961280"
"1016245937293778945","Mon Jul 09 09:01:27 +0000 2018","You don't need a framework to do DI. #FFSTechConf","1","1","2","https://twitter.com/i/web/status/1016245937293778945"
"1017060228054036480","Wed Jul 11 14:57:09 +0000 2018","I'm enjoying playing with this. #FFSTechConf 

https://t.co/gKNytvQ0fx","3","0","3","https://twitter.com/i/web/status/1017060228054036480"
"1016402159355809793","Mon Jul 09 19:22:13 +0000 2018","#FFSTechConf why can't you comment your code? Or at least write code that's legible?","5","0","5","https://twitter.com/i/web/status/1016402159355809793"
"1016280070711848960","Mon Jul 09 11:17:05 +0000 2018","If you're going to declare mocking is bad because you have to mock too many things then you're the one who needs mocking #ffstechconf","3","1","4","https://twitter.com/i/web/status/1016280070711848960"
"1016082163027009537","Sun Jul 08 22:10:40 +0000 2018","#FFSTechConf such a great idea!

FFS ideas from Aus? #facialrecognition #censusfail #robodebt #dataleaks‚Ä¶ https://t.co/XdxVGpO5bY","1","3","4","https://twitter.com/i/web/status/1016082163027009537"
"1016073493795016704","Sun Jul 08 21:36:13 +0000 2018","@FFSTechConf #FFSTechConf 

Don't connect to an open wifi without assuming you might get owned, the moment you do.","1","0","1","https://twitter.com/i/web/status/1016073493795016704"
"1015666516979830784","Sat Jul 07 18:39:02 +0000 2018","Drafting the below for #FFSTechConf https://t.co/jsCHrvkJTX","4","1","5","https://twitter.com/i/web/status/1015666516979830784"
"1016276711384715264","Mon Jul 09 11:03:44 +0000 2018","@cultureshipname there's a rich seam in the @FFSTechConf FFS...#FFSTechConf tweets...","0","0","0","https://twitter.com/i/web/status/1016276711384715264"
"1017490235125530625","Thu Jul 12 19:25:50 +0000 2018","Hmm, issue is Twitter‚Äôs API doesn‚Äôt return the tweet when we query for the #FFSTechConf tag even though it should.‚Ä¶ https://t.co/pUn83oai82","1","0","1","https://twitter.com/i/web/status/1017490235125530625"
"1015661679131021313","Sat Jul 07 18:19:49 +0000 2018","@FFSTechConf #FFSTechConf At this point in our industry, hand rolling concurrency by managing manually managing thr‚Ä¶ https://t.co/ZS7i324QrB","2","1","3","https://twitter.com/i/web/status/1015661679131021313"
"1015957783634743296","Sun Jul 08 13:56:25 +0000 2018","#FFSTechConf because the D in CRUD stands for domain driven design and err...event sourcing","0","0","0","https://twitter.com/i/web/status/1015957783634743296"
"1016254447239028736","Mon Jul 09 09:35:15 +0000 2018","Will IT helpdesk tickets have their own stage? #FFSTechConf","0","0","0","https://twitter.com/i/web/status/1016254447239028736"
"1016344144602718210","Mon Jul 09 15:31:41 +0000 2018","#FFSTechConf : I dgaf how awesome your security product or process is: if users can't understand it, /it's not goin‚Ä¶ https://t.co/iDaJm0dmsa","3","1","4","https://twitter.com/i/web/status/1016344144602718210"
"1015658368780914688","Sat Jul 07 18:06:39 +0000 2018","#FFSTechConf builds are not compiles. You still have a build even with your  interpreted languages.","1","1","2","https://twitter.com/i/web/status/1015658368780914688"
"1017086926824722432","Wed Jul 11 16:43:14 +0000 2018","@softwarefloyd FFS write some docs instead of complaining about how people won't read incomprehensible, sparsely co‚Ä¶ https://t.co/Vye07FzSsC","3","4","7","https://twitter.com/i/web/status/1017086926824722432"
"1016272541671927808","Mon Jul 09 10:47:10 +0000 2018","@GailOllis @FFSTechConf @chrisoldwood Also FFS Shut up a minute so I can think #FFSTechConf","6","2","8","https://twitter.com/i/web/status/1016272541671927808"
"1016413727388782592","Mon Jul 09 20:08:11 +0000 2018","I dare you to open the nth Jira ticket #FFSTechConf https://t.co/Sws7TKFsBD","2","3","5","https://twitter.com/i/web/status/1016413727388782592"
"1016127842604597248","Mon Jul 09 01:12:11 +0000 2018","@FFSTechConf Cat algorithm, Fish algorith, tribble algorithm, zombie algorithm. NO, adding a cute name to a minor m‚Ä¶ https://t.co/ruxonzYiuX","1","1","2","https://twitter.com/i/web/status/1016127842604597248"
"1016403631380131841","Mon Jul 09 19:28:04 +0000 2018","#FFSTechConf it's great that you are blaming the database layer for your performance issues - have you considered tuning the API?","1","0","1","https://twitter.com/i/web/status/1016403631380131841"
"1015577580227964929","Sat Jul 07 12:45:38 +0000 2018","#FFSTechConf ""FFS who designed the UI of my microwave oven?!""
(@FFSTechConf would be the best conference ever :p )","2","1","3","https://twitter.com/i/web/status/1015577580227964929"
"1017157986769342471","Wed Jul 11 21:25:36 +0000 2018","#FFSTechConf yet another horse-sized duck","0","0","0","https://twitter.com/i/web/status/1017157986769342471"
"1015664356820967424","Sat Jul 07 18:30:27 +0000 2018","On behalf of @kninki #FFSTechConf https://t.co/fGzzULmY1x","0","0","0","https://twitter.com/i/web/status/1015664356820967424"
"1015577463102066689","Sat Jul 07 12:45:10 +0000 2018","#FFSTechConf because we have a table tennis table","2","0","2","https://twitter.com/i/web/status/1015577463102066689"
"1016923985630527488","Wed Jul 11 05:55:46 +0000 2018","Lemme rephrase this: Hire Anthropologists. #FFSTechConf https://t.co/4YSVnIGT4M","4","2","6","https://twitter.com/i/web/status/1016923985630527488"
"1016657101303832579","Tue Jul 10 12:15:16 +0000 2018","@sirarsalih @troyhunt Sorry, @troyhunt, it needs to be properly formatted if you want to make a submission to‚Ä¶ https://t.co/YqshrOMbrl","1","0","1","https://twitter.com/i/web/status/1016657101303832579"
"1015711065852796928","Sat Jul 07 21:36:03 +0000 2018","@pauldyson @johnsnolan @natpryce @andylongshaw @rachelcdavies @KentBeck @david_harvey Wonder how much to hire Franz‚Ä¶ https://t.co/0kraRcxt1W","0","0","0","https://twitter.com/i/web/status/1015711065852796928"
"1017374665541668865","Thu Jul 12 11:46:36 +0000 2018","@staffannoteberg FFS how do I help the Teams collaborate more if they're required to freeze their work in a box,  l‚Ä¶ https://t.co/Qy4SfxLFwe","0","1","1","https://twitter.com/i/web/status/1017374665541668865"
"1016059948948746240","Sun Jul 08 20:42:23 +0000 2018","@FFSTechConf 15 minutes? I'll go with ""FFS Daily Standup"" then #FFSTechConf","2","0","2","https://twitter.com/i/web/status/1016059948948746240"
"1015609434058428417","Sat Jul 07 14:52:12 +0000 2018","#FFSTechConf - FFS the cloud isn't dangerous!","3","1","4","https://twitter.com/i/web/status/1015609434058428417"
"1016078115624378369","Sun Jul 08 21:54:35 +0000 2018","#ffstechconf stop underestimating the people who are the guardians of your data, the DBAs. I know you only see then‚Ä¶ https://t.co/sDLvnJcChN","11","2","13","https://twitter.com/i/web/status/1016078115624378369"
"1016082583241838592","Sun Jul 08 22:12:20 +0000 2018","How to not make 1000+ network calls #FFSTechConf","0","0","0","https://twitter.com/i/web/status/1016082583241838592"
"1015651501274906624","Sat Jul 07 17:39:22 +0000 2018","#FFSTechConf Blocking IO","0","0","0","https://twitter.com/i/web/status/1015651501274906624"
"1015749864456638469","Sun Jul 08 00:10:14 +0000 2018","@FFSTechConf @aspleenic FFS your api is bad and you should feel bad. A rant about crappy APIs, what‚Äôs bad about the‚Ä¶ https://t.co/5pzNuy6Wp4","7","1","8","https://twitter.com/i/web/status/1015749864456638469"
"1016279591474917376","Mon Jul 09 11:15:10 +0000 2018","@FFSTechConf #FFS #FFSTechConf @ffstechconf Stop asking how to get the latest features without actually upgrading y‚Ä¶ https://t.co/bMXDI1R20z","2","1","3","https://twitter.com/i/web/status/1016279591474917376"
"1016265948083507201","Mon Jul 09 10:20:57 +0000 2018","@FFSTechConf FYI, I‚Äôve just sent 3 AMQP-compliant carrier pigeons to promote #FFSTechConf https://t.co/mSy2eOBsaU","1","0","1","https://twitter.com/i/web/status/1016265948083507201"
"1016358392766623744","Mon Jul 09 16:28:18 +0000 2018","Addressed to Greek public administration: 

FFS, e-application doesn't mean ""fill it out online, then print it and‚Ä¶ https://t.co/1nLI1XymWW","2","1","3","https://twitter.com/i/web/status/1016358392766623744"
"1016101998452789249","Sun Jul 08 23:29:29 +0000 2018","@adammichaelwood @FFSTechConf @wiredferret And FFS the corollary *read* the f-ing manual, man page, wiki, Markdown,‚Ä¶ https://t.co/BJbGgaxmHU","3","1","4","https://twitter.com/i/web/status/1016101998452789249"
"1015838972415823872","Sun Jul 08 06:04:19 +0000 2018","@FFSTechConf #FFSTechConf","0","0","0","https://twitter.com/i/web/status/1015838972415823872"
"1016525000365359104","Tue Jul 10 03:30:20 +0000 2018","@FFSTechConf @EliSymeon FFS You can‚Äôt do make or implement data science models if you don‚Äôt actually have any data #FFSTechConf","6","3","9","https://twitter.com/i/web/status/1016525000365359104"
"1016703365764567040","Tue Jul 10 15:19:06 +0000 2018","We‚Äôve had a couple of submissions via our anonymous submission channel https://t.co/A5g8rVPSET. We‚Äôll tweet this ou‚Ä¶ https://t.co/jSrUDJHBXy","0","0","0","https://twitter.com/i/web/status/1016703365764567040"
"1016130176416079873","Mon Jul 09 01:21:27 +0000 2018","#FFSTechConf @FFSTechConf ""FFS"" is the first thing someone I hadn't met typed in Slack about my code and a bug it c‚Ä¶ https://t.co/xYZHOVQuBK","2","1","3","https://twitter.com/i/web/status/1016130176416079873"
"1016255606397849600","Mon Jul 09 09:39:52 +0000 2018","Get submitting and liking folks (ahem, especially mine, if you want... no pressure üòâ) #FFSTechConf https://t.co/cfNkdYlccs","0","0","0","https://twitter.com/i/web/status/1016255606397849600"
"1016426444413722625","Mon Jul 09 20:58:43 +0000 2018","Don't use a Db for 20 key value pairs #FFSTechConf","2","0","2","https://twitter.com/i/web/status/1016426444413722625"
"1016293516874518528","Mon Jul 09 12:10:30 +0000 2018","And it goes quiet as the #FFSTechConf-ers gnaw upon the bones of the cold remains of their lunches, contemplating their submissions","3","0","3","https://twitter.com/i/web/status/1016293516874518528"
"1017338700928299009","Thu Jul 12 09:23:42 +0000 2018",".@FFSTechConf If someone actually answered your question on @StackOverflow mark it as ""accepted"" FFS ! #FFSTechConf","3","1","4","https://twitter.com/i/web/status/1017338700928299009"
"1015561368387416064","Sat Jul 07 11:41:13 +0000 2018","@FFSTechConf @tomwhoscontrary @johnsnolan You‚Äôre right, one rule for everyone

#FFSTechConf

FFS just use cards

Ji‚Ä¶ https://t.co/ZP868QpuC7","1","1","2","https://twitter.com/i/web/status/1015561368387416064"
"1017121116693950464","Wed Jul 11 18:59:06 +0000 2018","This is a great topic #FFSTechConf .
In 1986 I was leading a Unix kernel team and learning a huge amount from very‚Ä¶ https://t.co/yS6YibaQ1U","6","1","7","https://twitter.com/i/web/status/1017121116693950464"
"1017130935450468352","Wed Jul 11 19:38:07 +0000 2018","@FFSTechConf although FFS it just might... #FFSTechConf","1","0","1","https://twitter.com/i/web/status/1017130935450468352"
"1016579810716504064","Tue Jul 10 07:08:08 +0000 2018","@jimwebber @kninki @lucaster81 You know what. You‚Äôre right, we got this one wrong. Our Code of Conduct absolutely e‚Ä¶ https://t.co/ub4YQUA4sz","5","0","5","https://twitter.com/i/web/status/1016579810716504064"
"1015651025741418496","Sat Jul 07 17:37:29 +0000 2018","#FFSTechConf Hand rolled concurrency with threads and locks","1","1","2","https://twitter.com/i/web/status/1015651025741418496"
"1017460752788189185","Thu Jul 12 17:28:41 +0000 2018","Oh, this looks interesting! I‚Äôd like to learn more. RTing for inclusion in the accepted sessions. #FFSTechConf‚Ä¶ https://t.co/89yyIJZriR","3","0","3","https://twitter.com/i/web/status/1017460752788189185"
"1015713422867083264","Sat Jul 07 21:45:25 +0000 2018","@FFSTechConf @julielerman FFS would proponents of the three big JavaScript frameworks (don‚Äôt @ me!) lay off bashing‚Ä¶ https://t.co/gUbqAaqbYs","16","3","19","https://twitter.com/i/web/status/1015713422867083264"
"1015592210685939712","Sat Jul 07 13:43:46 +0000 2018","Vote for Sessions - We‚Äôre getting a lot of suggestions in under the hashtag #FFSTechConf. If you see a... https://t.co/Cz4skQCibe","0","0","0","https://twitter.com/i/web/status/1015592210685939712"
"1017328531439869953","Thu Jul 12 08:43:17 +0000 2018","RT @kevinrutherford: @FFSTechConf FFS stop using Windows for software development #FFSTechConf","0","0","0","https://twitter.com/i/web/status/1017328531439869953"
"1016344147832311809","Mon Jul 09 15:31:42 +0000 2018","#FFSTechConf Insecure men, please stop making systems &amp; platforms &amp; ""tools"" that enable your insecurity &amp; trap ever‚Ä¶ https://t.co/PQ3fIS2CAK","2","1","3","https://twitter.com/i/web/status/1016344147832311809"
"1015841744435515394","Sun Jul 08 06:15:19 +0000 2018","@chrisoldwood Shouldn‚Äôt that be:

FFS typing isn‚Äôt the bottleneck.

#FFSTechConf @FFSTechConf","8","1","9","https://twitter.com/i/web/status/1015841744435515394"
"1016246079149563904","Mon Jul 09 09:02:00 +0000 2018","CI is not Jenkins/GO CI/Travis/etc #FFSTechConf","0","0","0","https://twitter.com/i/web/status/1016246079149563904"
"1016041741638565889","Sun Jul 08 19:30:03 +0000 2018","#FFSTechConf chrome isn't the only browser available","2","1","3","https://twitter.com/i/web/status/1016041741638565889"
"1016799874338250758","Tue Jul 10 21:42:35 +0000 2018","@idomdavis FFS why don‚Äôt we ask enough questions to inform us of our own biases ? We‚Äôve codified conformance and Gr‚Ä¶ https://t.co/503UKfQZLE","2","1","3","https://twitter.com/i/web/status/1016799874338250758"
"1016454591452459009","Mon Jul 09 22:50:34 +0000 2018","And I‚Äôll counter with FFS can we just deprecate some shit already? I know your twenty year old software needs a fax‚Ä¶ https://t.co/7Re0oIqEYv","1","2","3","https://twitter.com/i/web/status/1016454591452459009"
"1015714020790341632","Sat Jul 07 21:47:48 +0000 2018","@jamiet Why am I not surprised you've heard of #FFSTechConf? Did they invite you to do the keynote yet?","0","0","0","https://twitter.com/i/web/status/1015714020790341632"
"1016323027116716034","Mon Jul 09 14:07:46 +0000 2018","npm install 'the internet' #FFSTechConf","0","0","0","https://twitter.com/i/web/status/1016323027116716034"
"1016460589227560961","Mon Jul 09 23:14:24 +0000 2018","ü§£ #Scrum #Agile #FFSTechConf https://t.co/vJ4xP8xen6","0","2","2","https://twitter.com/i/web/status/1016460589227560961"
"1016197265935958016","Mon Jul 09 05:48:02 +0000 2018","#FFSTechConf it‚Äôs 2018 why are there still BGP routing leaks and hijacks. AS_PATH filters and run a Whois query bef‚Ä¶ https://t.co/elEJY2cDYH","7","2","9","https://twitter.com/i/web/status/1016197265935958016"
"1016278236605636608","Mon Jul 09 11:09:47 +0000 2018","@kinjacono @quii Hilarity ensues when branch based development results in just as many bugs as TBD. But at least it‚Ä¶ https://t.co/GzJGYVlgXr","3","2","5","https://twitter.com/i/web/status/1016278236605636608"
"1017332928890785792","Thu Jul 12 09:00:46 +0000 2018","agh. #triggered RANT time !

FFS, please:

- mark helpful answers as ""accepted"" on @StackOverflow
- don't claim tha‚Ä¶ https://t.co/f5dyIYPQhA","12","2","14","https://twitter.com/i/web/status/1017332928890785792"
"1016359241156710400","Mon Jul 09 16:31:40 +0000 2018","One interesting thing about the tongue-in-cheek #FFSTechConf thread is that some of the proposed rants would actual‚Ä¶ https://t.co/6s4Vya9kyH","0","0","0","https://twitter.com/i/web/status/1016359241156710400"
"1015569754051006464","Sat Jul 07 12:14:32 +0000 2018","#FFSTechConf all 60,000,000 #redux tutorials from #javascriptweekly condensed into 40 consecutive days.  cos we can‚Äôt stop featuring them","0","0","0","https://twitter.com/i/web/status/1015569754051006464"
"1016293457235718144","Mon Jul 09 12:10:16 +0000 2018","There are so many things about 'tech' that frustrate and infuriate me. The replies to this #FFSTechConf callout are‚Ä¶ https://t.co/lMBmqMSCgT","1","1","2","https://twitter.com/i/web/status/1016293457235718144"
"1016392255714799619","Mon Jul 09 18:42:52 +0000 2018","@FFSTechConf Language/framework holy wars are dumb. If you're convinced the tech you know is always better then you‚Ä¶ https://t.co/zJTmIHzgxl","0","1","1","https://twitter.com/i/web/status/1016392255714799619"
"1016015989828399105","Sun Jul 08 17:47:43 +0000 2018","@FFSTechConf @karenmcgrane FFS, there‚Äôs no such thing as a Full-Stack Developer. #FFSTechConf https://t.co/SWbfYqtZst","7","4","11","https://twitter.com/i/web/status/1016015989828399105"
"1016272702842265600","Mon Jul 09 10:47:48 +0000 2018","@GailOllis @FFSTechConf @chrisoldwood Also FFS TALK to yourself and don't look at me oddly when I do #FFSTechConf","2","1","3","https://twitter.com/i/web/status/1016272702842265600"
"1016429676036669441","Mon Jul 09 21:11:33 +0000 2018","@CalamityJD FFS  While you're at it, pay the interns, too. #FFSTechConf","1","1","2","https://twitter.com/i/web/status/1016429676036669441"
"1015559630011891714","Sat Jul 07 11:34:18 +0000 2018","@pauldyson @tomwhoscontrary @johnsnolan Please re-submit using official #FFSTechConf 

But then again, you are Prog‚Ä¶ https://t.co/CpSqpmVGQa","0","0","0","https://twitter.com/i/web/status/1015559630011891714"
"1016144674715766785","Mon Jul 09 02:19:04 +0000 2018","This is fantastic. Follow the #FFSTechConf hashtag! https://t.co/Z71gVLIEAi","0","0","0","https://twitter.com/i/web/status/1016144674715766785"
"1016126131446173696","Mon Jul 09 01:05:23 +0000 2018","@COGSfun @FFSTechConf Suggested edit: FFS don't after-the-fact your unit tests. See also: code comments. #FFSTechConf","0","1","1","https://twitter.com/i/web/status/1016126131446173696"
"1015590411845423104","Sat Jul 07 13:36:37 +0000 2018","@FFSTechConf @KevlinHenney #FFSTechConf Security isnt only red team.","4","1","5","https://twitter.com/i/web/status/1015590411845423104"
"1015705705029005312","Sat Jul 07 21:14:45 +0000 2018","@GarthGilmour FFS Stop assuming everyone is neurotypical and has the mental capacity to spend all day being social. #FFSTechConf","2","1","3","https://twitter.com/i/web/status/1015705705029005312"
"1015877801252216833","Sun Jul 08 08:38:36 +0000 2018","@FFSTechConf #FFSTechConf https://t.co/Dx1L5U98WX","4","1","5","https://twitter.com/i/web/status/1015877801252216833"
"1016344146037166081","Mon Jul 09 15:31:41 +0000 2018","#FFSTechConf The tech sector is built on obfuscation &amp; a classic capitalization of egos: ""here's this magical thing‚Ä¶ https://t.co/OwHBsbWGU7","3","1","4","https://twitter.com/i/web/status/1016344146037166081"
"1015620295326097408","Sat Jul 07 15:35:22 +0000 2018","#FFSTechConf because you need to know several frameworks, at least 2 markup/ markdown languages and go through seve‚Ä¶ https://t.co/vEMGCyT7z7","0","0","0","https://twitter.com/i/web/status/1015620295326097408"
